<!DOCTYPE struts PUBLIC 
	"-//Apache Software Foundation//DTD Struts Configuration 2.0//EN"
	"http://struts.apache.org/dtds/struts-2.0.dtd">
<struts>
    <package name="user_json" extends="json-default">
    	<!-- 获得人员信息 -->
    	<action name="getUserAction" method="queryAll" class="com.home.web.UserAction">
    		 <result name="success" type="json"></result>  
    	</action>
    	<!-- 获得组织机构 -->
    	<action name="getOrganizationAction" method="queryOrganization" class="com.home.web.UserAction">
    		<result name="success" type="json"></result>
		</action>
		<!-- 保存人员信息 -->
		<action name="userSaveAction" method="userSave" class="com.home.web.UserAction">
    		<result name="success" type="json"></result>
		</action>
		<!-- 修改人员信息  -->
		<action name="userEditAction" method="userEdit" class="com.home.web.UserAction">
    		<result name="success" type="json"></result>
		</action>
		<!-- 删除人员信息  -->
		<action name="userDelAction" method="userDel" class="com.home.web.UserAction">
    		<result name="success" type="json"></result>
		</action>
		
    </package>
	<package name="user_jsp" extends="struts-default">
		<!-- 加载用户控制台 -->
		<action name="USER_ACTION_CONSOLE" method="forSend" class="com.home.web.UserAction">
			<result>/ui/userLayout.jsp</result>
		</action>
		
		<action name="userShow" method="view" class="com.home.web.UserAction">
			<result>/ui/userEntity.jsp</result>
			<result name="view">/ui/userView.jsp</result>
		</action>
		
		<!-- 组织机构 -->
		<action name="CHOOSEORG_CONSOLE" method="chooseOrg" class="com.home.web.UserAction">
			<result>/ui/chooseOrg.jsp</result>
		</action>
		
	</package>
</struts>
